productcode,vendor_partno,productname,displaybegindate,displayenddate,hideproduct,stockstatus,lastmodified,options_cloned_from,photos_cloned_from,share_stockstatus_with,lastmodby,ischildofproductcode,ischildofproductcode_productid,options_cloned_from_productid,photos_cloned_from_productid,share_stockstatus_with_productid,productpopularity,homepage_section,autodropship,donotallowbackorders,warehouselocation,warehouseaisle,warehousebin,warehousecustom,upc_code,productkeywords,productnameshort,productweight,freeshippingitem,minqty,maxqty,recurringstartprice,recurringstartduration,recurringprice,recurringhowoften,recurringduration,allowpriceedit,productprice,listprice,saleprice,taxableproduct,selectedoptionids,giftwrapcost,downloadfile,availability,metatag_title,metatag_description,discountedprice_level1,discountedprice_level2,discountedprice_level3,discountedprice_level4,discountedprice_level5,photo_subtext,photo_alttext,discountedrecurringprice_level1,discountedrecurringprice_level2,discountedrecurringprice_level3,discountedrecurringprice_level4,discountedrecurringprice_level5,fixed_shippingcost,fixed_shippingcost_outside_localregion,uses_product_keytypes,price_subtext,price_subtext_short,listprice_name,productprice_name,saleprice_name,hide_yousave,hide_freeaccessories,setupcost,setupcost_name,discountedsetupcost_level1,discountedsetupcost_level2,discountedsetupcost_level3,discountedsetupcost_level4,discountedsetupcost_level5,setupcost_title,stockreorderqty,warehouses,affiliate_commissionable_value,addtocartbtn_replacement_text,book_isbn,productcondition,estship_ground,estship_2ndday,estship_overnight,customfield1,customfield2,customfield3,customfield4,customfield5,shoppingdotcom_category,yahoo_category,yahoo_medium,productmanufacturer,hide_when_outofstock,stocklowqtyalarm,addtopo_now,lastpo_qty,lastpo_date,howtogetsaleprice,inv_verify_qtyonhand,inv_lastverified,enablemultichildaddtocart,vendor_price,enableoptions_inventorycontrol,photourl_small,photourl_large,private_section_customers_only,quickbooks_item_accnt,quickbooks_item_assetaccnt,quickbooks_item_cogsaccnt,vat_percentage,recurring_pricing_text,google_product_type,length,width,height,ships_by_itself,package_type,oversized,additional_handling_indicator,reward_points_given_for_purchase,productdescriptionshort,productdescription,productfeatures,techspecs,extinfo,orderfinished_note,metatag_keywords,productdescription_abovepricing,custom_metatags_override,ean,google_product_category,google_size,google_color,google_gender,google_age_group,google_availability,google_pattern,google_material,estdaystoship,google_unique_identifier_exists,google_adult_product,google_sizetype,google_sizesystem,nonshippable,custom_label_0,custom_label_1,custom_label_2,custom_label_3,custom_label_4,createddate,mpn,categoryids,optionids,accessories,freeaccessories,producturl,photourl,categorytree,numproductssharingstock,photoseed
GCCR009CA,,Crazy Diamond Fume Reception Desk,,,,,6/22/2015 10:21,,,,,,,,,,,,N,N,,,,,,"reception desk, modern reception desk, desk, reception",,500,N,,,,,,,,N,5978,,,,,,,Usually Ships in 6 to 8 Weeks,Crazy Diamond Fume Reception Desk,Crazy Diamond Fume Reception Desk,,,,,,,,,,,,,,,,,,,,,N,N,,,,,,,,,,,,,,,,,,,,,,,,,,Gamma & Bross,,,N,,,,,,N,4184.6,N,,,,,,,,,,,,,N,,N,N,,,"Reception desk with illumination and fumé crystals.  Made in Italy.Dimensions200 x 60 x 90 H(78.7'' x 23.6'' x 35.4'' H) Lead times may vary, please contact us for more information.",,,,,"reception desk, modern reception desk, desk, reception",,,,Business & Industrial>Retail,,,,,,,,,FALSE,FALSE,,,,,,,,,,,"265,306",,,,https://www.salondesign.luxury/ProductDetails.asp?ProductCode=GCCR009CA,http://www.salondesign.luxury/v/vspfiles/photos/GCCR009CA-1.jpg,Reception & Waiting,0,1434978950
GFE0060CA,,Madame De Pompadour Reception Desk,,,,,6/22/2015 10:21,,,,,,,,,,,,N,N,,,,,,"reception desk, modern reception desk, desk, reception",,500,N,,,,,,,,N,6802,,,,,,,Usually Ships in 6 to 8 Weeks,Madame De Pompadour Reception Desk,Madame De Pompadour Reception Desk,,,,,,,,,,,,,,,,,,,,,N,N,,,,,,,,,,,,,,,,,,,,,,,,,,Gamma & Bross,,,N,,,,,,N,4761.4,N,,,,,,,,,,,,,N,,N,N,,,"Reception desk with capitonné front.Dimensions204 x 68 x 106 H(80.3'' W x 26.8'' D x 41.7'' H)Lead times may vary, please contact us for more information.",,,,,"reception desk, modern reception desk, desk, reception",,,,Business & Industrial>Retail,,,,,,,,,FALSE,FALSE,,,,,,,,,,,"265,306",,,,https://www.salondesign.luxury/ProductDetails.asp?ProductCode=GFE0060CA,http://www.salondesign.luxury/v/vspfiles/photos/GFE0060CA-1.jpg,Reception & Waiting,0,1434979190
LM-BS-JY-PN CH+W,BS-JY-PN CH+W,Pino Bar Stool,,,,,,,,,,,,,,,,,Y,,,,,,,,,27,N,,,,,,,,,130,195,,,,,,In Stock,Pino Bar Stool,,,,,,,,,,,,,,,,,,,,,,,,,,,,,,,,,,,,,,,,,,,,,,,,,LumiSource,,,Y,,,,,,,91,,,,,,,,,,,,,,,,,,,,"Featuring a sleek bent wood back and leatherette seating, the Pino Bar Stool is the epitome of elegance. Hydraulics with 360º turn allow for easy height adjustment.  Cherry wood with white upholstery.  Product Size: 19'' L x 18.5'' W x 37'' - 42'' HSeat Width: 19.8''Seat Depth: 19''Seat Height: 27'' - 32''",,,,,"pino bar stool, pino, barstool, lumisource, 360 swivel, cherry, white, leatherette, chrome, curved wood, hydraulic bar stool",,,,,,,,,,,,,,,,,,,,,,,,,,,,,https://www.salondesign.luxury/ProductDetails.asp?ProductCode=LM-BS-JY-PN CH+W,http://www.salondesign.luxury/v/vspfiles/templates/salondesign/images/nophoto.gif,,0,
LM-BS-JY-PN ZB+BN,BS-JY-PN ZB+BN,Pino Bar Stool,,,,,,,,,,,,,,,,,Y,,,,,,,,,27,N,,,,,,,,,130,195,,,,,,In Stock,Pino Bar Stool,,,,,,,,,,,,,,,,,,,,,,,,,,,,,,,,,,,,,,,,,,,,,,,,,LumiSource,,,Y,,,,,,,91,,,,,,,,,,,,,,,,,,,,"Featuring a sleek bent wood back and leatherette seating, the Pino Bar Stool is the epitome of elegance. Hydraulics with 360º turn allow for easy height adjustment. Zebra Wood with Black Upholstery.   Product Size: 19'' L x 18.5'' W x 37'' - 42'' HSeat Width: 19.8''Seat Depth: 19''Seat Height: 27'' - 32''",,,,,"pino bar stool, pino, barstool, lumisource, 360 swivel, zebra, brown, leatherette, chrome, curved wood, hydraulic bar stool",,,,,,,,,,,,,,,,,,,,,,,,,,,,,https://www.salondesign.luxury/ProductDetails.asp?ProductCode=LM-BS-JY-PN ZB+BN,http://www.salondesign.luxury/v/vspfiles/templates/salondesign/images/nophoto.gif,,0,
LM-BS-JY-PRS CH+BN,BS-JY-PRS CH+BN,Presta Bar Stool,,,,,,,,,,,,,,,,,Y,,,,,,,,,28,N,,,,,,,,,130,195,,,,,,In Stock,Presta Bar Stool,,,,,,,,,,,,,,,,,,,,,,,,,,,,,,,,,,,,,,,,,,,,,,,,,LumiSource,,,Y,,,,,,,91,,,,,,,,,,,,,,,,,,,,"The sleek and elegant design of the Presta Bar Stool will add sophistication to your home or bar. The leatherette seat and backrest, beautiful wood accents, as well as a polished chrome finish on the footrest and base complete the look. With the added feature of a hydraulic lift to adjust the seat height and 360° swivel, you may never want to get up!  Available in Wenge Wood and Black upholstery, or cherry wood with brown upholstery. Product Size: 17'' L x 17'' W x 33'' - 43'' HSeat Height: 22'' - 33''",,,,,"presta bar stool, presta, barstool, lumisource, 360 swivel, cherry, brown, leatherette, chrome, curved wood, hydraulic bar stool",,,,,,,,,,,,,,,,,,,,,,,,,,"115,117,121",,,https://www.salondesign.luxury/ProductDetails.asp?ProductCode=LM-BS-JY-PRS CH+BN,http://www.salondesign.luxury/v/vspfiles/templates/salondesign/images/nophoto.gif,,0,
LM-BS-JY-VIERA WNG,BS-JY-VIERA WNG,Viera Bar Stool,,,,,,,,,,,,,,,,,Y,,,,,,,,,21,N,,,,,,,,,125,187.5,,,,,,In Stock,Viera Bar Stool,,,,,,,,,,,,,,,,,,,,,,,,,,,,,,,,,,,,,,,,,,,,,,,,,LumiSource,,,Y,,,,,,,87.5,,,,,,,,,,,,,,,,,,,,"While the padded leatherette cushion provides abundant comfort, the slotted bent wood design of the Viera Bar Stool is a perfect fit with retro modern decor. Features a chrome base with footrest, 360° swivel, and adjustable height hydraulics.   Available in wenge wood with white upholstery or walnut with black upholstery.  Product Size: 19'' L x 20.5'' W x 34.5'' - 42'' HSeat Height: 24'' - 31.5''",,,,,"viera bar stool, viera, barstool, lumisource, 360 swivel, wenge, white, leatherette, chrome, curved wood, hydraulic bar stool",,,,,,,,,,,,,,,,,,,,,,,,,,"117,122",,,https://www.salondesign.luxury/ProductDetails.asp?ProductCode=LM-BS-JY-VIERA WNG,http://www.salondesign.luxury/v/vspfiles/templates/salondesign/images/nophoto.gif,,0,
LM-BS-SURF,BS-SURF,Surf Bar Stool,,,,,,,,,,,,,,,,,Y,,,,,,,,,21,N,,,,,,,,,105,157.5,,,,,,In Stock,Surf Bar Stool,,,,,,,,,,,,,,,,,,,,,,,,,,,,,,,,,,,,,,,,,,,,,,,,,LumiSource,,,Y,,,,,,,73.5,,,,,,,,,,,,,,,,,,,," A  gentle wave in the wood seat creates inviting curves and comfort in the Surf Bar Stool. Seat height is adjustable from 23”-32” with easy to use hydraulics. Polished chrome pole, base, and footrest.  Available in white, espresso, black, green, red, & yellow.  Product Size: 16'' W x 16'' L x 27'' - 36'' HSeat Height: 23'' - 32''",,,,,"surf bar stool, surf, barstool, lumisource, 360 swivel, curved wood, chrome, hydraulic bar stool, black",,,,,,,,,,,,,,,,,,,,,,,,,,"113,114,115,116,123",,,https://www.salondesign.luxury/ProductDetails.asp?ProductCode=LM-BS-SURF,http://www.salondesign.luxury/v/vspfiles/templates/salondesign/images/nophoto.gif,,0,
LM-BS-TW-LOCUST BK,BS-TW-LOCUST BK,Locust Bar Stool,,,,,,,,,,,,,,,,,Y,,,,,,,,,27,N,,,,,,,,,150,225,,,,,,In Stock,Locust Bar Stool,,,,,,,,,,,,,,,,,,,,,,,,,,,,,,,,,,,,,,,,,,,,,,,,,LumiSource,,,Y,,,,,,,105,,,,,,,,,,,,,,,,,,,,"The Locust Bar Stool is made for comfort! The soft, yet sturdy leatherette cushions, made with molded foam for extra padded support, will entice you and your guests every time! With a smooth hydraulic system that adjusts from counter to bar height, swivel seating, and a trendy, square chrome footrest and base, you’re sure to impress time and time again.  Color:  Black    Product Size: 20'' L x 16.75'' W x 37'' to 45.5'' HSeat Height: 24'' - 32''",,,,,"locust bar stool, locust, barstool, lumisource, 360 swivel, leatherette, molded foam cushions, chrome, hydraulic bar stool, black",,,,,,,,,,,,,,,,,,,,,,,,,,,,,https://www.salondesign.luxury/ProductDetails.asp?ProductCode=LM-BS-TW-LOCUST BK,http://www.salondesign.luxury/v/vspfiles/templates/salondesign/images/nophoto.gif,,0,
LM-BS-TW-LOCUST W,BS-TW-LOCUST W,Locust Bar Stool,,,,,,,,,,,,,,,,,Y,,,,,,,,,27,N,,,,,,,,,150,225,,,,,,In Stock,Locust Bar Stool,,,,,,,,,,,,,,,,,,,,,,,,,,,,,,,,,,,,,,,,,,,,,,,,,LumiSource,,,Y,,,,,,,105,,,,,,,,,,,,,,,,,,,,"The Locust Bar Stool is made for comfort! The soft, yet sturdy leatherette cushions, made with molded foam for extra padded support, will entice you and your guests every time! With a smooth hydraulic system that adjusts from counter to bar height, swivel seating, and a trendy, square chrome footrest and base, you’re sure to impress time and time again.  Color:  White    Product Size: 20'' L x 16.75'' W x 37'' to 45.5'' HSeat Height: 24'' - 32''",,,,,"locust bar stool, locust, barstool, lumisource, 360 swivel, leatherette, molded foam cushions, chrome, hydraulic bar stool, white",,,,,,,,,,,,,,,,,,,,,,,,,,,,,https://www.salondesign.luxury/ProductDetails.asp?ProductCode=LM-BS-TW-LOCUST W,http://www.salondesign.luxury/v/vspfiles/templates/salondesign/images/nophoto.gif,,0,
LM-LS-LED CAPL TB,LS-LED CAPL TB,Capello LED Table Lamp,,,,,,,,,,,,,,,,,Y,,,,,,,,,7,N,,,,,,,,,100,150,,,,,,In Stock,Capello LED Table Lamp,,,,,,,,,,,,,,,,,,,,,,,,,,,,,,,,,,,,,,,,,,,,,,,,,LumiSource,,,Y,,,,,,,70,,,,,,,,,,,,,,,,,,,,"A lovely bit of modern design, the Capello provides directable LED lighting in an attractive form. The Capello LED Table Lamp  features  1 x 5W hi-power LED while the Floor Lamp features 1 x 8W super bright hi-power LED. Touch the ON/OFF  switch on its “cap.”  Product Size: 14.25'' L x 13'' D x 20'' H ",,,,,Table Lamp,,,,,,,,,,,,,,,,,,,,,,,,,,,,,https://www.salondesign.luxury/ProductDetails.asp?ProductCode=LM-LS-LED CAPL TB,http://www.salondesign.luxury/v/vspfiles/templates/salondesign/images/nophoto.gif,,0,
LM-LS-LED-FOCUS BK,LS-LED-FOCUS BK,Focus Table Lamp,,,,,,,,,,,,,,,,,Y,,,,,,,,,3,N,,,,,,,,,40,60,,,,,,In Stock,Focus Table Lamp,Feel like part of the future with this unique lamp.  Round fixture and sleek base make the Focus Table Lamp fit in with almost any décor.   300 Lumen (In). Product Size: 7.25'' D x 18.5'' H,,,,,,,,,,,,,,,,,,,,,,,,,,,,,,,,,,,,,,,,,,,,,,,,LumiSource,,,Y,,,,,,,28,,,,,,,,,,,,,,,,,,,,Feel like part of the future with this unique lamp.  Round fixture and sleek base make the Focus Table Lamp fit in with almost any décor.   300 Lumen (In). Product Size: 7.25'' D x 18.5'' H,,,,,task lamp,,,,,,,,,,,,,,,,,,,,,,,,,,,,,https://www.salondesign.luxury/ProductDetails.asp?ProductCode=LM-LS-LED-FOCUS BK,http://www.salondesign.luxury/v/vspfiles/templates/salondesign/images/nophoto.gif,,0,
LS-LED-FOCUS W,LS-LED-FOCUS W,Focus Table Lamp,,,,,,,,,,,,,,,,,Y,,,,,,,,,3,N,,,,,,,,,40,60,,,,,,In Stock,Focus Table Lamp,Feel like part of the future with this unique lamp.  Round fixture and sleek base make the Focus Table Lamp fit in with almost any décor.   300 Lumen (In).,,,,,,,,,,,,,,,,,,,,,,,,,,,,,,,,,,,,,,,,,,,,,,,,LumiSource,,,Y,,,,,,,28,,,,,,,,,,,,,,,,,,,,Feel like part of the future with this unique lamp.  Round fixture and sleek base make the Focus Table Lamp fit in with almost any décor.   300 Lumen (In).,,,,,task lamp,,,,,,,,,,,,,,,,,,,,,,,,,,,,,https://www.salondesign.luxury/ProductDetails.asp?ProductCode=LS-LED-FOCUS W,http://www.salondesign.luxury/v/vspfiles/templates/salondesign/images/nophoto.gif,,0,
RS-09000C,09000C,Folding Clothing Rack - Single Bar,,,,,9/5/2015 09:50,,,,,,,,,,,,Y,,,,,,,"melvin, roos, folding, clothing, rack, single, bar, rolling, display, easy, restocking, special, event, sale, round, tube, flat",,10,N,,,,,,,,,88.75,118.4,,,,,,Check for availability,Folding Clothing Rack - Single Bar,Folding Clothing Rack - Single Bar,,,,,,,,,,,,,,,,,,,,,,,,,,,,,,,,,,,,,,,,,,,,,,,,Impulse Enterprises,,,Y,,,,,,,59.2,,,,,,,,,,,,,,,,,,,,"These single bar folding rolling clothing display racks are used for easy restocking, special event and sale rack. Two 12” long pullouts. Round tube frame on heavy duty casters. Folds flat. Adjusts 48"" - 64"" high. ",,,,,"melvin, roos, folding, clothing, rack, single, bar, rolling, display, easy, restocking, special, event, sale, round, tube, flat",,,,,,,,,,,,,,,,,,,,,,,,,310,,,,https://www.salondesign.luxury/ProductDetails.asp?ProductCode=RS-09000C,http://www.salondesign.luxury/v/vspfiles/photos/RS-09000C-1.jpg,Retail Display Fixtures > Apparel Displays,0,1441447165
RS-12011C,12011C,Two Way Clothing Rack - Square Arms,,,,,9/5/2015 09:50,,,,,,,,,,,,Y,,,,,,,"melvin, roos, two, way clothing, rack, square, arms, polished, chrome, basic",,10,N,,,,,,,,,67.5,90,,,,,,Check for availability,Two Way Clothing Rack - Square Arms,Two Way Clothing Rack - Square Arms,,,,,,,,,,,,,,,,,,,,,,,,,,,,,,,,,,,,,,,,,,,,,,,,Impulse Enterprises,,,Y,,,,,,,45,,,,,,,,,,,,,,,,,,,,Two way polished chrome clothing rack. 12” x 15” base with double uprights. Square arms. (Do not use with casters),,,,,"melvin, roos, two, way clothing, rack, square, arms, polished, chrome, basic",,,,,,,,,,,,,,,,,,,,,,,,,310,,,,https://www.salondesign.luxury/ProductDetails.asp?ProductCode=RS-12011C,http://www.salondesign.luxury/v/vspfiles/photos/RS-12011C-1.jpg,Retail Display Fixtures > Apparel Displays,0,1441447247
RS-12127C,12127C,Two Way Clothing Rack - Rectangular Arms,,,,,9/5/2015 09:50,,,,,,,,,,,,Y,,,,,,,"melvin, roos, two, way, clothing, rack, rectangular, arms, adjustable, strength, durability, basic, ",,10,N,,,,,,,,,66.75,89,,,,,,Check for availability,Two Way Clothing Rack - Rectangular Arms,Two Way Clothing Rack - Rectangular Arms,,,,,,,,,,,,,,,,,,,,,,,,,,,,,,,,,,,,,,,,,,,,,,,,Impulse Enterprises,,,Y,,,,,,,44.5,,,,,,,,,,,,,,,,,,,,"Adjustable two way clothing rack designed for strength and durability; the clothing display rack you need at a great price. Two 16"" straight arms. 12” x 15” base. (Do not use with casters)",,,,,"melvin, roos, two, way, clothing, rack, rectangular, arms, adjustable, strength, durability, basic, ",,,,,,,,,,,,,,,,,,,,,,,,,310,,,,https://www.salondesign.luxury/ProductDetails.asp?ProductCode=RS-12127C,http://www.salondesign.luxury/v/vspfiles/photos/RS-12127C-1.jpg,Retail Display Fixtures > Apparel Displays,0,1441447308
RS-14139C,14139C,"Four Way Clothing Rack - 22"" Arms",,,,,9/5/2015 09:50,,,,,,,,,,,,Y,,,,,,,"melvin, roos, four, way, clothing, rack, arm, retail, display, capacity, garments, space, polished, chrome",,14,N,,,,,,,,,117,156,,,,,,Check for availability,"Four Way Clothing Rack - 22"" Arms","Four Way Clothing Rack - 22"" Arms",,,,,,,,,,,,,,,,,,,,,,,,,,,,,,,,,,,,,,,,,,,,,,,,Impulse Enterprises,,,Y,,,,,,,78,,,,,,,,,,,,,,,,,,,,"High capacity retail clothing display rack has four 22” straight arms to hold 30 ""extra"" garments in the space of a regular four way clothing rack. Polished chrome finish.",,,,,"melvin, roos, four, way, clothing, rack, arm, retail, display, capacity, garments, space, polished, chrome",,,,,,,,,,,,,,,,,,,,,,,,,310,,,,https://www.salondesign.luxury/ProductDetails.asp?ProductCode=RS-14139C,http://www.salondesign.luxury/v/vspfiles/photos/RS-14139C-1.jpg,Retail Display Fixtures > Apparel Displays,0,1441447366
RS-14149C,14149C,"Four Way Clothing Rack - 16"" Arms",,,,,9/5/2015 09:50,,,,,,,,,,,,Y,,,,,,,"melvin, roos, four, way, clothing, rack, arm, space, saving, display, compact, polished, chrome, tubing",,14,N,,,,,,,,,131.75,175.6,,,,,,Check for availability,"Four Way Clothing Rack - 16"" Arms","Four Way Clothing Rack - 16"" Arms",,,,,,,,,,,,,,,,,,,,,,,,,,,,,,,,,,,,,,,,,,,,,,,,Impulse Enterprises,,,Y,,,,,,,87.7,,,,,,,,,,,,,,,,,,,,Space saving four way clothing display racks have 16” arms and create the most compact four way. All rectangular polished chrome tubing.,,,,,"melvin, roos, four, way, clothing, rack, arm, space, saving, display, compact, polished, chrome, tubing",,,,,,,,,,,,,,,,,,,,,,,,,310,,,,https://www.salondesign.luxury/ProductDetails.asp?ProductCode=RS-14149C,http://www.salondesign.luxury/v/vspfiles/photos/RS-14149C-1.jpg,Retail Display Fixtures > Apparel Displays,0,1441447391
RS-14182C,14182C,Lingerie Clothing Display Rack,,,,,9/5/2015 09:50,,,,,,,,,,,,Y,,,,,,,"melvin, roos, clothing, display, rack, lingerie, polished, chrome",,15,N,,,,,,,,,127.5,170,,,,,,Check for availability,Lingerie Clothing Display Rack,Lingerie Clothing Display Rack,,,,,,,,,,,,,,,,,,,,,,,,,,,,,,,,,,,,,,,,,,,,,,,,Impulse Enterprises,,,Y,,,,,,,85.05,,,,,,,,,,,,,,,,,,,,"Clothing display rack for lingerie has 16 - 1/2” x 1” rectangular face outs, 12” long and adjustable. Polished chrome finish. 61"" high",,,,,"melvin, roos, clothing, display, rack, lingerie, polished, chrome",,,,,,,,,,,,,,,,,,,,,,,,,310,,,,https://www.salondesign.luxury/ProductDetails.asp?ProductCode=RS-14182C,http://www.salondesign.luxury/v/vspfiles/photos/RS-14182C-1.jpg,Retail Display Fixtures > Apparel Displays,0,1441447445
RS-15051C,15051C,K-Brace Double Bar Rack,,,,,9/5/2015 09:50,,,,,,,,,,,,Y,,,,,,,"melvin, roos, k, brace, double, bar, rack, outlet, store, rolling, clothing, display, hanging, suits, ",,15,N,,,,,,,,,124,165.4,,,,,,Check for availability,K-Brace Double Bar Rack,K-Brace Double Bar Rack,,,,,,,,,,,,,,,,,,,,,,,,,,,,,,,,,,,,,,,,,,,,,,,,Impulse Enterprises,,,Y,,,,,,,82.7,,,,,,,,,,,,,,,,,,,,"Designed for the outlet store, this rolling clothing display rack can hold the heaviest merchandise, double hanging and when you need casters. K-Brace holds clothing rack absolutely steady. Includes casters. Full 22” wide for suits. Adjusts 81"" high.",,,,,"melvin, roos, k, brace, double, bar, rack, outlet, store, rolling, clothing, display, hanging, suits, ",,,,,,,,,,,,,,,,,,,,,,,,,310,,,,https://www.salondesign.luxury/ProductDetails.asp?ProductCode=RS-15051C,http://www.salondesign.luxury/v/vspfiles/photos/RS-15051C-1.jpg,Retail Display Fixtures > Apparel Displays,0,1441447466
RS-15059S,15059S,Graphic & Hangrail Display Unit,,,,,9/5/2015 09:50,,,,,,,,,,,,Y,,,,,,,"melvin, roos, graphic, hangrail, display, unit, clothing, rack, matte, silver, finish",,15,N,,,,,,,,,234,312,,,,,,Check for availability,Graphic & Hangrail Display Unit,Graphic & Hangrail Display Unit,,,,,,,,,,,,,,,,,,,,,,,,,,,,,,,,,,,,,,,,,,,,,,,,Impulse Enterprises,,,Y,,,,,,,156,,,,,,,,,,,,,,,,,,,,"Graphic and hang rail clothing rack display unit 20.5” w x 26” h and 25"" w x 79” h graphic sign holder with a 20.5” wide x 49” tall hang rail. Overall height is 81” with matte silver finish.",,,,,"melvin, roos, graphic, hangrail, display, unit, clothing, rack, matte, silver, finish",,,,,,,,,,,,,,,,,,,,,,,,,310,,,,https://www.salondesign.luxury/ProductDetails.asp?ProductCode=RS-15059S,http://www.salondesign.luxury/v/vspfiles/photos/RS-15059S-1.jpg,Retail Display Fixtures > Apparel Displays,0,1441447530
RS-18042C,18042C,Hat Tree Garment Display Rack,,,,,9/5/2015 09:50,,,,,,,,,,,,Y,,,,,,,"melvin, roos, hat, tree, garment, display, rack, clister, adjusts, chrome",,15,N,,,,,,,,,186,248,,,,,,Check for availability,Hat Tree Garment Display Rack,Hat Tree Garment Display Rack,,,,,,,,,,,,,,,,,,,,,,,,,,,,,,,,,,,,,,,,,,,,,,,,Impulse Enterprises,,,Y,,,,,,,124,,,,,,,,,,,,,,,,,,,,"This hat tree garment display rack displays 16 or 20 hats, depending on set-up. Each four hat tree display cluster adjusts on the 74” upright. Extra heavy base. Five tier, 20 hat tree.",,,,,"melvin, roos, hat, tree, garment, display, rack, clister, adjusts, chrome",,,,,,,,,,,,,,,,,,,,,,,,,310,,,,https://www.salondesign.luxury/ProductDetails.asp?ProductCode=RS-18042C,http://www.salondesign.luxury/v/vspfiles/photos/RS-18042C-1.jpg,Retail Display Fixtures > Apparel Displays,0,1441447582
RS-43026C,43026C,Rectangular Riser Display Set,,,,,9/5/2015 11:26,,,,,,,,,,,,Y,,,,,,,"melvin, roos, rectangular, riser, display, set, weighted, base, shoe, handbag, accessory, retail, table, top",,15,N,,,,,,,,,75,100,,,,,,Usually Ships in 5 to 10 Days,Rectangular Riser Display Set,Rectangular Riser Display Set,,,,,,,,,,,,,,,,,,,,,,,,,,,,,,,,,,,,,,,,,,,,,,,,Melvin Roos,,,Y,,,,,,,50,,,,,,,,,,,,,,,,,,,,"Set of three rectangular top display risers with 4” x 12” polished chrome platforms, 8”, 10”, & 12” high overall. 6” x 6” weighted bases. Sold in sets of 3. Chrome Finish",,,,,"melvin, roos, rectangular, riser, display, set, weighted, base, shoe, handbag, accessory, retail, table, top",,,,,,,,,,,,,,,,,,,,,,,,,316,,,,https://www.salondesign.luxury/ProductDetails.asp?ProductCode=RS-43026C,http://www.salondesign.luxury/v/vspfiles/photos/RS-43026C-1.jpg,Retail Display Fixtures > Table Top Displays,0,1441463312
RS-43051C,43051C,Round Riser Display Set,,,,,9/5/2015 11:26,,,,,,,,,,,,Y,,,,,,,"melvin, roos, round, riser, display, set, platforms, accessories, handbag, ",,15,N,,,,,,,,,69,92,,,,,,Usually Ships in 5 to 10 Days,Round Riser Display Set,Round Riser Display Set,,,,,,,,,,,,,,,,,,,,,,,,,,,,,,,,,,,,,,,,,,,,,,,,Melvin Roos,,,Y,,,,,,,46,,,,,,,,,,,,,,,,,,,,"Round top riser display set with 7” round platforms, 8”, 10”, & 12” high overall. 5 3/8” diameter weighted bases with foam rubber cushion. Set of 3. Chrome Finish",,,,,"melvin, roos, round, riser, display, set, platforms, accessories, handbag, ",,,,,,,,,,,,,,,,,,,,,,,,,316,,,,https://www.salondesign.luxury/ProductDetails.asp?ProductCode=RS-43051C,http://www.salondesign.luxury/v/vspfiles/photos/RS-43051C-1.jpg,Retail Display Fixtures > Table Top Displays,0,1441463331
RS-43053M,43053M,Large Rectangular Display Riser Set,,,,,9/5/2015 11:26,,,,,,,,,,,,Y,,,,,,,"melvin, roos, large, rectangular, display, riser, brushed, chrome, handbag, shoes, cosmetics",,10,N,,,,,,,,,109.5,146,,,,,,Usually Ships in 5 to 10 Days,Large Rectangular Display Riser Set,Large Rectangular Display Riser Set,,,,,,,,,,,,,,,,,,,,,,,,,,,,,,,,,,,,,,,,,,,,,,,,Melvin Roos,,,Y,,,,,,,73,,,,,,,,,,,,,,,,,,,,"Large set of three brushed chrome display risers. 6” x 12” platforms, 8”, 10”, & 12” high overall. 6” x 6” weighted bases with foam rubber cushion. Perfect for handbags, shoes or cosmetics. *Set of Three",,,,,"melvin, roos, large, rectangular, display, riser, brushed, chrome, handbag, shoes, cosmetics",,,,,,,,,,,,,,,,,,,,,,,,,316,,,,https://www.salondesign.luxury/ProductDetails.asp?ProductCode=RS-43053M,http://www.salondesign.luxury/v/vspfiles/photos/RS-43053M-1.jpg,Retail Display Fixtures > Table Top Displays,0,1441463351
RS-43065S,43065S,Oval Shoe Riser Display Set,,,,,9/5/2015 11:26,,,,,,,,,,,,Y,,,,,,,"melvin, roos, oval, shoe, riser, display, welded, metal, weighted, base, silver, retail, tabletop",,15,N,,,,,,,,,85.5,114,,,,,,Usually Ships in 5 to 10 Days,Oval Shoe Riser Display Set,Oval Shoe Riser Display Set,,,,,,,,,,,,,,,,,,,,,,,,,,,,,,,,,,,,,,,,,,,,,,,,Melvin Roos,,,Y,,,,,,,57,,,,,,,,,,,,,,,,,,,,"All welded metal shoe riser display set of 3 risers: 8”, 10” 12” high with 8.5” wide x 9.5” oval top; heel stop; 5” diameter weighted base with foam rubber cushion. *Set of Three Silver Finish",,,,,"melvin, roos, oval, shoe, riser, display, welded, metal, weighted, base, silver, retail, tabletop",,,,,,,,,,,,,,,,,,,,,,,,,316,,,,https://www.salondesign.luxury/ProductDetails.asp?ProductCode=RS-43065S,http://www.salondesign.luxury/v/vspfiles/photos/RS-43065S-1.jpg,Retail Display Fixtures > Table Top Displays,0,1441463373
RS-43097K,43097K,Round Acrylic Top Riser,,,,,9/5/2015 11:26,,,,,,,,,,,,Y,,,,,,,"melvin, roos, round, acrylic, top, riser, frosted, plext, satin, nickel",,10,N,,,,,,,,,93.75,125,,,,,,Usually Ships in 5 to 10 Days,Round Acrylic Top Riser,Round Acrylic Top Riser,,,,,,,,,,,,,,,,,,,,,,,,,,,,,,,,,,,,,,,,,,,,,,,,Melvin Roos,,,Y,,,,,,,62.5,,,,,,,,,,,,,,,,,,,,15” diameter frosted plexi fits on top of a 3” high satin nickel 9” x 9” square base. Acrylic Finish,,,,,"melvin, roos, round, acrylic, top, riser, frosted, plext, satin, nickel",,,,,,,,,,,,,,,,,,,,,,,,,316,,,,https://www.salondesign.luxury/ProductDetails.asp?ProductCode=RS-43097K,http://www.salondesign.luxury/v/vspfiles/photos/RS-43097K-1.jpg,Retail Display Fixtures > Table Top Displays,0,1441463492
RS-43104K,43104K,Rectangular Plexi Top Riser,,,,,9/5/2015 11:26,,,,,,,,,,,,Y,,,,,,,"melvin, roos, rectangular, plexi, top, riser, beveled, edge, clear, satin, nickel,",,10,N,,,,,,,,,103.25,137.75,,,,,,Usually Ships in 5 to 10 Days,Rectangular Plexi Top Riser,Rectangular Plexi Top Riser,,,,,,,,,,,,,,,,,,,,,,,,,,,,,,,,,,,,,,,,,,,,,,,,Melvin Roos,,,Y,,,,,,,68.9,,,,,,,,,,,,,,,,,,,,1” thick beveled edge clear plexi sits inside a 6 1/2” x 9. 1/2” satin nickel base. 3” high.,,,,,"melvin, roos, rectangular, plexi, top, riser, beveled, edge, clear, satin, nickel,",,,,,,,,,,,,,,,,,,,,,,,,,316,,,,https://www.salondesign.luxury/ProductDetails.asp?ProductCode=RS-43104K,http://www.salondesign.luxury/v/vspfiles/photos/RS-43104K-1.jpg,Retail Display Fixtures > Table Top Displays,0,1441463518
RS-43107M,43107M,Square Display Riser Set,,,,,9/5/2015 11:26,,,,,,,,,,,,Y,,,,,,,"melvin, roos, square, display, riser, set, retail, metal, counter, top, brushed, chrome",,15,N,,,,,,,,,80.25,107,,,,,,Usually Ships in 5 to 10 Days,Square Display Riser Set,Square Display Riser Set,,,,,,,,,,,,,,,,,,,,,,,,,,,,,,,,,,,,,,,,,,,,,,,,Melvin Roos,,,Y,,,,,,,53.5,,,,,,,,,,,,,,,,,,,,"Metal square counter top display risers with 7” x 7” platforms, 8”, 10” & 12” high overall. 5” x 5” weighted bases with felt. Set of 3. Brushed Chrome Finish",,,,,"melvin, roos, square, display, riser, set, retail, metal, counter, top, brushed, chrome",,,,,,,,,,,,,,,,,,,,,,,,,316,,,,https://www.salondesign.luxury/ProductDetails.asp?ProductCode=RS-43107M,http://www.salondesign.luxury/v/vspfiles/photos/RS-43107M-1.jpg,Retail Display Fixtures > Table Top Displays,0,1441463554
RS-43142W,43142W,Small Tray Top Display Riser,,,,,9/5/2015 11:26,,,,,,,,,,,,Y,,,,,,,"melvin, roos, small, tray, top, display, riser, retail, white, metal, chrome, round, square",,10,N,,,,,,,,,52.5,70,,,,,,Usually Ships in 5 to 10 Days,Small Tray Top Display Riser,Small Tray Top Display Riser,,,,,,,,,,,,,,,,,,,,,,,,,,,,,,,,,,,,,,,,,,,,,,,,Melvin Roos,,,Y,,,,,,,35,,,,,,,,,,,,,,,,,,,,This small tray display riser features a white metal top 12” x 12”. 9” round chrome base 12” high.,,,,,"melvin, roos, small, tray, top, display, riser, retail, white, metal, chrome, round, square",,,,,,,,,,,,,,,,,,,,,,,,,316,,,,https://www.salondesign.luxury/ProductDetails.asp?ProductCode=RS-43142W,http://www.salondesign.luxury/v/vspfiles/photos/RS-43142W-1.jpg,Retail Display Fixtures > Table Top Displays,0,1441463579
RS-43143F,43143F,3 Tier Riser Brushed Chrome,,,,,9/5/2015 11:26,,,,,,,,,,,,Y,,,,,,,"melvin, roos, three, tier, riser, brushed, chrome, acrylic, frosted, retail",,15,N,,,,,,,,,102,136,,,,,,Usually Ships in 5 to 10 Days,3 Tier Riser Brushed Chrome,3 Tier Riser Brushed Chrome,,,,,,,,,,,,,,,,,,,,,,,,,,,,,,,,,,,,,,,,,,,,,,,,Melvin Roos,,,Y,,,,,,,68,,,,,,,,,,,,,,,,,,,,Brushed metal three tier display riser with 10” diameter offset frosted acrylic shelves. Overall height 32” on 9” diameter base. Acrylic Finish,,,,,"melvin, roos, three, tier, riser, brushed, chrome, acrylic, frosted, retail",,,,,,,,,,,,,,,,,,,,,,,,,316,,,,https://www.salondesign.luxury/ProductDetails.asp?ProductCode=RS-43143F,http://www.salondesign.luxury/v/vspfiles/photos/RS-43143F-1.jpg,Retail Display Fixtures > Table Top Displays,0,1441463601
RS-43144C,43144C,Open Cube Display Risers,,,,,9/5/2015 11:26,,,,,,,,,,,,Y,,,,,,,"melvin, roos, open, cube, display, risers, polished, chrome, square, rectangle, tubing, hangbags, accessories, chrome",,15,N,,,,,,,,,102,136,,,,,,Usually Ships in 5 to 10 Days,Open Cube Display Risers,Open Cube Display Risers,,,,,,,,,,,,,,,,,,,,,,,,,,,,,,,,,,,,,,,,,,,,,,,,Melvin Roos,,,Y,,,,,,,68,,,,,,,,,,,,,,,,,,,,Polished chrome risers – 3/8” square tubing great for handbags and accessories. Small: 4” x 4” x 4” high Medium: 4” x 4” x 6” high Large: 4” x 4” x 8” high. Set of 3 Color Finish: Chrome,,,,,"melvin, roos, open, cube, display, risers, polished, chrome, square, rectangle, tubing, hangbags, accessories, chrome",,,,,,,,,,,,,,,,,,,,,,,,,316,,,,https://www.salondesign.luxury/ProductDetails.asp?ProductCode=RS-43144C,http://www.salondesign.luxury/v/vspfiles/photos/RS-43144C-1.jpg,Retail Display Fixtures > Table Top Displays,0,1441463624
RS-45016C,45016C,Rectangular Metal Shoe Mirrors,,,,,9/5/2015 11:26,,,,,,,,,,,,Y,,,,,,,"melvin, roos, rectangular, metal, shoe, mirrors, retail, floor, retail, display",,8,N,,,,,,,,,76.75,102.5,,,,,,Usually Ships in 5 to 10 Days,Rectangular Metal Shoe Mirrors,Rectangular Metal Shoe Mirrors,,,,,,,,,,,,,,,,,,,,,,,,,,,,,,,,,,,,,,,,,,,,,,,,Melvin Roos,,,Y,,,,,,,51.2,,,,,,,,,,,,,,,,,,,,Retail floor shoe mirror constructed of sturdy rectangular frame polished chrome tubing. 12” wide x 18” high. Chrome Finish,,,,,"melvin, roos, rectangular, metal, shoe, mirrors, retail, floor, retail, display",,,,,,,,,,,,,,,,,,,,,,,,,316,,,,https://www.salondesign.luxury/ProductDetails.asp?ProductCode=RS-45016C,http://www.salondesign.luxury/v/vspfiles/photos/RS-45016C-1.jpg,Retail Display Fixtures > Table Top Displays,0,1441463648
RS-45071A,45071A,Rectangular Plexi Shoe Mirrors,,,,,9/5/2015 11:26,,,,,,,,,,,,Y,,,,,,,"melvin, roos, rectangular, plexi, shoe, mirror, plexiglass, floor, retail, display, acrylic",,8,N,,,,,,,,,44.5,59.5,,,,,,Usually Ships in 5 to 10 Days,Rectangular Plexi Shoe Mirrors,Rectangular Plexi Shoe Mirrors,,,,,,,,,,,,,,,,,,,,,,,,,,,,,,,,,,,,,,,,,,,,,,,,Melvin Roos,,,Y,,,,,,,29.7,,,,,,,,,,,,,,,,,,,,Plexiglass floor retail shoe mirrors made of 1/4” thick acrylic - 12” wide x 18” high. Acrylic Finish,,,,,"melvin, roos, rectangular, plexi, shoe, mirror, plexiglass, floor, retail, display, acrylic",,,,,,,,,,,,,,,,,,,,,,,,,316,,,,https://www.salondesign.luxury/ProductDetails.asp?ProductCode=RS-45071A,http://www.salondesign.luxury/v/vspfiles/photos/RS-45071A-1.jpg,Retail Display Fixtures > Table Top Displays,0,1441463670
RS-47105W,47105W,Square White Gloss Display Platform,,,,,9/5/2015 09:50,,,,,,,,,,,,Y,,,,,,,"melvin, roos, square, white, gloss, display, platform, laminate, base, round, polished, chrome, legs, mannequin, group",,20,N,,,,,,,,,307.5,410,,,,,,Check for availability,Square White Gloss Display Platform,Square White Gloss Display Platform,,,,,,,,,,,,,,,,,,,,,,,,,,,,,,,,,,,,,,,,,,,,,,,,Impulse Enterprises,,,Y,,,,,,,205,,,,,,,,,,,,,,,,,,,,Gloss white laminate platform base is 30” x 30” square with 9” skirt - overall 12” high - on 3” diameter round polished chrome legs. Great for displaying mannequin groups and multiple display forms.,,,,,"melvin, roos, square, white, gloss, display, platform, laminate, base, round, polished, chrome, legs, mannequin, group",,,,,,,,,,,,,,,,,,,,,,,,,310,,,,https://www.salondesign.luxury/ProductDetails.asp?ProductCode=RS-47105W,http://www.salondesign.luxury/v/vspfiles/photos/RS-47105W-1.jpg,Retail Display Fixtures > Apparel Displays,0,1441447600
RS-47110W,47110W,Round White Gloss Display Platform,,,,,9/5/2015 09:50,,,,,,,,,,,,Y,,,,,,,"melvin, roos, round, white, gloss, display, platform, laminate, base,chrome, legs, mennequin, roups, multiple, forms, modern",,20,N,,,,,,,,,326,434.75,,,,,,Check for availability,Round White Gloss Display Platform,Round White Gloss Display Platform,,,,,,,,,,,,,,,,,,,,,,,,,,,,,,,,,,,,,,,,,,,,,,,,Impulse Enterprises,,,Y,,,,,,,217.35,,,,,,,,,,,,,,,,,,,,Gloss white laminate display platform base is 36” diameter with 9” skirt - overall 12” high - on 3” diameter round polished chrome legs. Great for displaying mannequin groups and multiple display forms.,,,,,"melvin, roos, round, white, gloss, display, platform, laminate, base,chrome, legs, mennequin, roups, multiple, forms, modern",,,,,,,,,,,,,,,,,,,,,,,,,310,,,,https://www.salondesign.luxury/ProductDetails.asp?ProductCode=RS-47110W,http://www.salondesign.luxury/v/vspfiles/photos/RS-47110W-1.jpg,Retail Display Fixtures > Apparel Displays,0,1441447619
RS-71400W,71400W,Seated Female Mannequin,,,,,9/5/2015 09:50,,,,,,,,,,,,Y,,,,,,,"melvin, roos, seated, female, mannequin, store, matte, white, fiberglass, matching, round, riser, ",,35,N,,,,,,,,,355.5,474,,,,,,Check for availability,Seated Female Mannequin,Seated Female Mannequin,,,,,,,,,,,,,,,,,,,,,,,,,,,,,,,,,,,,,,,,,,,,,,,,Impulse Enterprises,,,Y,,,,,,,237,,,,,,,,,,,,,,,,,,,,Store Mannequins - Matte white fiberglass female mannequins come with matching white fiberglass round riser 10 1/4” x 18”.,,,,,"melvin, roos, seated, female, mannequin, store, matte, white, fiberglass, matching, round, riser, ",,,,,,,,,,,,,,,,,,,,,,,,,310,,,,https://www.salondesign.luxury/ProductDetails.asp?ProductCode=RS-71400W,http://www.salondesign.luxury/v/vspfiles/templates/salondesign/images/nophoto.gif,Retail Display Fixtures > Apparel Displays,0,
RS-71404W,71404W,Standing Female Mannequin,,,,,9/5/2015 09:50,,,,,,,,,,,,Y,,,,,,,"melvin, roos, standing, female, store, mannequins, display, matte, white, glass, base, ",,25,N,,,,,,,,,337.5,450,,,,,,Check for availability,Standing Female Mannequin,Standing Female Mannequin,,,,,,,,,,,,,,,,,,,,,,,,,,,,,,,,,,,,,,,,,,,,,,,,Impulse Enterprises,,,Y,,,,,,,225,,,,,,,,,,,,,,,,,,,,Store Mannequins - Matte white female mannequin with glass base. Shown with white laminate platform base (47110W) – 36” round with 9” skirt – overall 12” high on 3” diameter round polished chrome legs.,,,,,"melvin, roos, standing, female, store, mannequins, display, matte, white, glass, base, ",,,,,,,,,,,,,,,,,,,,,,,,,310,,,,https://www.salondesign.luxury/ProductDetails.asp?ProductCode=RS-71404W,http://www.salondesign.luxury/v/vspfiles/templates/salondesign/images/nophoto.gif,Retail Display Fixtures > Apparel Displays,0,
RS-71405W,71405W,Standing Female Mannequin 2,,,,,9/5/2015 09:50,,,,,,,,,,,,Y,,,,,,,"melvin, roos, standing, female, mannequin, store, matte, white, glass, base, ",,25,N,,,,,,,,,337.5,450,,,,,,Check for availability,Standing Female Mannequin 2,Standing Female Mannequin 2,,,,,,,,,,,,,,,,,,,,,,,,,,,,,,,,,,,,,,,,,,,,,,,,Impulse Enterprises,,,Y,,,,,,,225,,,,,,,,,,,,,,,,,,,,"Store Mannequins - Matte white mannequin with glass base. Shown with white laminate platform base (RS-47110W) – 36"" round with 9"" skirt – overall 12"" high on 3"" diameter round polished chrome legs.",,,,,"melvin, roos, standing, female, mannequin, store, matte, white, glass, base, ",,,,,,,,,,,,,,,,,,,,,,,,,310,,,,https://www.salondesign.luxury/ProductDetails.asp?ProductCode=RS-71405W,http://www.salondesign.luxury/v/vspfiles/templates/salondesign/images/nophoto.gif,Retail Display Fixtures > Apparel Displays,0,
RS-71408W,71408W,Standing Male Mannequin,,,,,9/5/2015 09:50,,,,,,,,,,,,Y,,,,,,,"melvin, roos, standing, male, mannequin, store, matte, white, fiberglass, glass, base",,25,N,,,,,,,,,337.5,450,,,,,,Check for availability,Standing Male Mannequin,Standing Male Mannequin,,,,,,,,,,,,,,,,,,,,,,,,,,,,,,,,,,,,,,,,,,,,,,,,Impulse Enterprises,,,Y,,,,,,,225,,,,,,,,,,,,,,,,,,,,"Store Mannequins -  Matte white fiberglass male mannequin with glass base. Male mannequin shown on white laminate platform base, sold separately, (47105W - see below) 30” square with 9” skirt – overall 12” high on 3” diameter round polished chrome legs. 67"" high",,,,,"melvin, roos, standing, male, mannequin, store, matte, white, fiberglass, glass, base",,,,,,,,,,,,,,,,,,,,,,,,,310,,,,https://www.salondesign.luxury/ProductDetails.asp?ProductCode=RS-71408W,http://www.salondesign.luxury/v/vspfiles/templates/salondesign/images/nophoto.gif,Retail Display Fixtures > Apparel Displays,0,
T-20-825-52,T-20-825-52,Diamond Pattern Lightweight Kashwere Throw,,,,,10/27/2015 08:37,,,,,,,,,,,,,,,,,,,,,7,,,,,,,,,,145,165,,,,,,In Stock,Diamond Pattern Lightweight Kashwere Throw,Diamond Pattern Lightweight Kashwere Throw,,,,,,,,,,,,,,,,,,,,,,,,,,,,,,,,,,,,,10,,,,,,,,,,,Kashwere,,,Y,,,,,,,74,,,,,,,,,,Home & Garden>Linens & Bedding>Bedding>Blankets,,,,,,,,,,"52?x70?Light weight throw. These stylish and sophisticated colors and patterns are a great way to experience the same Kashw‚re throw but now with designs that are sure to add flair to your home. The Kashw‚re light weight throw is heavenly soft yet woven with the utmost care to provide durability and stylish good looks. Our throw is designed to withstand many washings and will never shrink, wrinkle or pill if proper care instructions are followed. The throw is a perfect compliment in any setting. ",,,,,Diamond Pattern Lightweight Kashwere Throw,,,,Home & Garden>Linens & Bedding>Throw Blankets,,,,,In Stock,,Kashwere,,,,,,,,,,,,,,,,,,https://www.salondesign.luxury/ProductDetails.asp?ProductCode=T-20-825-52,http://www.salondesign.luxury/v/vspfiles/templates/salondesign/images/nophoto.gif,,0,
WS-3559,3559,Cento Vessel Sink,,,,,10/4/2015 07:25,,,,,,,,,,,,Y,,,,,,,,,20,Y,,,,,,,,,455,650,,,,,,In Stock,Cento Vessel Sink,Cento Vessel Sink,,,,,,,,,,,,,,,,,,,,,,,,,,,,,,,,,,,,,0,,,,,,,,,,,WS Bath Collections,,,Y,,,,,,,390,,,,,,,,,,,,,,,,,,,,"Features:Ceramic Bathroom SinkVessel (Counter Top) InstallationGlazed 4 SidesWith or Without Faucet HoleIn Ceramic WhiteDesigned by Marc SadlerMade in ItalyDimensions:Small:  19.7"" L x 15.7"" W x 3.9"" HLarge:  27.6"" L x 13.8"" W x 3.9"" H  (ADA Compliant)Square:  17.7"" L x 17.7"" W x 3.9"" H",,,,,Cento Vessel Sink,,,,,,,,,,,,,,,,,,,,,,,,,"322,338",,,,https://www.salondesign.luxury/ProductDetails.asp?ProductCode=WS-3559,http://www.salondesign.luxury/v/vspfiles/photos/WS-3559-1.jpg,Decorative Sinks & Faucets,0,1443950351
WS-3675,3675,Opus Round Soaking Tub,,,,,10/4/2015 07:25,,,,,,,,,,,,Y,,,,,,,,,200,Y,,,,,,,,,24800,17360,,,,,,4-6 Weeks,Opus Round Soaking Tub,Opus Round Soaking Tub,,,,,,,,,,,,,,,,,,,,,,,,,,,,,,,,,,,,,0,,,,,,,,,,,WS Bath Collections,,,Y,,,,,,,10416,,,,,,,,,,,,,,,,,,,,"Soak your stress away in the Opus round soaking tub.  Dimensions:66.9"" Dia. x 21.9"" HFeatures:• Free Standing Bathtub• With Internal Overflow• In Korakril WhiteWhat is Korakril?  Korakril is ideal as a surface for work tops, kitchen sinks, washbasins, showers and for many other applications in the hotel and health sector industries. It is easy to clean and is not affected by the damp, can be used for washbasins and accessories with an endless range of shapes. ",,,,,Opus Round Soaking Tub,,,,,,,,,,,,,,,,,,,,,,,,,433,,,,https://www.salondesign.luxury/ProductDetails.asp?ProductCode=WS-3675,http://www.salondesign.luxury/v/vspfiles/templates/salondesign/images/nophoto.gif,,0,
WS-39239,39239,Epoca Clawfoot Tub,,,,,10/4/2015 07:25,,,,,,,,,,,,Y,,,,,,,,,200,Y,,,,,,,,,10199,,,,,,,4-6 Weeks,Epoca Clawfoot Tub,Epoca Clawfoot Tub,,,,,,,,,,,,,,,,,,,,,,,,,,,,,,,,,,,,,0,,,,,,,,,,,WS Bath Collections,,,Y,,,,,,,0,,,,,,,,,,,,,,,,,,,,"This traditional claw foot tub is constructed using lightweight acrylic.  Available in black, or black with a silver arabesque pattern.Dimensions:67.0"" L x 32.0"" W x 28.4"" H",,,,,Epoca Clawfoot Tub,,,,,,,,,,,,,,,,,,,,,,,,,433,"288,392",,,https://www.salondesign.luxury/ProductDetails.asp?ProductCode=WS-39239,http://www.salondesign.luxury/v/vspfiles/templates/salondesign/images/nophoto.gif,,0,
WS-64.53.01,64.53.01,Waterstone Drawer Storage,,,,,10/4/2015 07:25,,,,,,,,,,,,Y,,,,,,,,,20,Y,,,,,,,,,1770,2980,,,,,,4-6 Weeks,Waterstone Drawer Storage,Waterstone Drawer Storage,,,,,,,,,,,,,,,,,,,,,,,,,,,,,,,,,,,,,0,,,,,,,,,,,WS Bath Collections,,,Y,,,,,,,1788,,,,,,,,,,,,,,,,,,,,"Add extra storage to your Waterstone wall-mounted sink with these modern drawer units.  Designed to mount below your washbasin, and available in two sizes.Dimensions:Small:  19.7"" L x 19.7"" W x 6.3"" HMedium: 39.4"" L x 19.7"" W x 6.3"" HFeatures:• Drawer• Available in White, White/ Black or White/Violet Lacquered Wood• Made in Spain",,,,,Waterstone Drawer Storage,,,,,,,,,,,,,,,,,,,,,,,,,"322,338,339,377,329","167,230,288,439",,,https://www.salondesign.luxury/ProductDetails.asp?ProductCode=WS-64.53.01,http://www.salondesign.luxury/v/vspfiles/templates/salondesign/images/nophoto.gif,Decorative Sinks & Faucets,0,
WS-64.55.04,64.55.04,Waterstone Wall Mounted Washbasins,,,,,10/4/2015 07:25,,,,,,,,,,,,Y,,,,,,,,,75,Y,,,,,,,,,1560,2600,,,,,,4-6 Weeks,Waterstone Wall Mounted Washbasins,Waterstone Wall Mounted Washbasins,,,,,,,,,,,,,,,,,,,,,,,,,,,,,,,,,,,,,0,,,,,,,,,,,WS Bath Collections,,,Y,,,,,,,1560,,,,,,,,,,,,,,,,,,,,"Waterstone wall-mounted washbasins add modern elegance to your bath.  Add on the sleek drawer and storage units for functionality.  Available in three sizes.  Dimensions:Small:  19.7"" L x 19.7"" W x 5.9"" HMedium:  39.4"" L x 19.7"" W x 5.9"" HLarge:  59.0"" L x 19.7"" W x 5.9"" HFeatures:• In Cristalplant, Velvet White• Made in SpainWHAT CRISTALPLANT?CRISTALPLANT is a technologically advanced and unique compound, made up of high percentage of mineral extenders from nature (ATH derived from bauxite) as well as polyester and acrylic polymers; therefore, it is an inert, hypoallergenic and non-toxic material.CRISTALPLANT is a “solid surface 100% made in Italy” as it was designed, patented and produced at the R&D Centre of Nicos International’s Italian headquarters located in Portobuffolè, in the Province of Treviso.CRISTALPLANT is 100% recyclable, practically fireproof (class 1), strongly UV-resistant, solid and non-porous, hygienic and healthy, and features a velvety and natural stone-like finish.CRISTALPLANT is 100% restorable - It can be brought back to its original state and look by simply using an abrasive sponge and a detergent, thus removing even cigarette burn rings. These properties of durability and restorability make it an eco-compatible material.",,,,,Waterstone Wall Mounted Washbasins,,,,,,,,,,,,,,,,,,,,,,,,,"322,338,339,377",230,,,https://www.salondesign.luxury/ProductDetails.asp?ProductCode=WS-64.55.04,http://www.salondesign.luxury/v/vspfiles/templates/salondesign/images/nophoto.gif,Decorative Sinks & Faucets,0,
WS-79678,79678,Vela Soaking Tub,,,,,10/4/2015 07:25,,,,,,,,,,,,Y,,,,,,,,,200,Y,,,,,,,,,11480,16400,,,,,,4-6 Weeks,Vela Soaking Tub,Vela Soaking Tub,,,,,,,,,,,,,,,,,,,,,,,,,,,,,,,,,,,,,0,,,,,,,,,,,WS Bath Collections,,,Y,,,,,,,9840,,,,,,,,,,,,,,,,,,,,"The Vela soaking tub features a modern shape and matte finish.  Available in black or white.Dimensions:74.8"" L x 36.0"" W x 19.1"" HFeatures:• Free Standing Bathtub• With Internal Overflow• Island Installation• Made of Solid Surface Material ""Korakril""• Optional Headrest• Designer High-End Quality Bathtub What is Korakril?  Korakril is ideal as a surface for work tops, kitchen sinks, washbasins, showers and for many other applications in the hotel and health sector industries. It is easy to clean and is not affected by the damp, can be used for washbasins and accessories with an endless range of shapes. ",,,,,Vela Soaking Tub,,,,,,,,,,,,,,,,,,,,,,,,,433,"167,288",,,https://www.salondesign.luxury/ProductDetails.asp?ProductCode=WS-79678,http://www.salondesign.luxury/v/vspfiles/templates/salondesign/images/nophoto.gif,,0,
WS-91536,91536,Opus Soaking Tub,,,,,10/4/2015 07:25,,,,,,,,,,,,Y,,,,,,,,,200,Y,,,,,,,,,11480,16400,,,,,,4-6 Weeks,Opus Soaking Tub,Opus Soaking Tub,,,,,,,,,,,,,,,,,,,,,,,,,,,,,,,,,,,,,0,,,,,,,,,,,WS Bath Collections,,,Y,,,,,,,9840,,,,,,,,,,,,,,,,,,,,"Freestanding soaking tub with a modern geometric shape.  Dimensions:70.9"" L x 33.5"" W x 19.7"" HFeatures:• Free Standing Bathtub• With Internal Overflow• In Korakril White What is Korakril?  Korakril is ideal as a surface for work tops, kitchen sinks, washbasins, showers and for many other applications in the hotel and health sector industries. It is easy to clean and is not affected by the damp, can be used for washbasins and accessories with an endless range of shapes. ",,,,,Opus Soaking Tub,,,,,,,,,,,,,,,,,,,,,,,,,433,,,,https://www.salondesign.luxury/ProductDetails.asp?ProductCode=WS-91536,http://www.salondesign.luxury/v/vspfiles/templates/salondesign/images/nophoto.gif,,0,
